<application>
  <component name="libraryTable">
    <library name="Bundled Protobuf Distribution">
      <CLASSES />
      <SOURCES>
        <root url="jar://$APPLICATION_PLUGINS_DIR$/protobuf-jetbrains-plugin/lib/protobuf-java-3.6.1-sources.jar!/" />
      </SOURCES>
    </library>
    <library name="Elixir at D:/elixir">
      <CLASSES>
        <root url="file://D:/elixir/lib/eex/ebin" />
        <root url="file://D:/elixir/lib/elixir/ebin" />
        <root url="file://D:/elixir/lib/ex_unit/ebin" />
        <root url="file://D:/elixir/lib/iex/ebin" />
        <root url="file://D:/elixir/lib/logger/ebin" />
        <root url="file://D:/elixir/lib/mix/ebin" />
      </CLASSES>
      <SOURCES />
    </library>
    <library name="Elixir at D:/elixir">
      <CLASSES>
        <root url="file://D:/elixir/lib/eex/ebin" />
        <root url="file://D:/elixir/lib/elixir/ebin" />
        <root url="file://D:/elixir/lib/ex_unit/ebin" />
        <root url="file://D:/elixir/lib/iex/ebin" />
        <root url="file://D:/elixir/lib/logger/ebin" />
        <root url="file://D:/elixir/lib/mix/ebin" />
      </CLASSES>
      <SOURCES />
    </library>
    <library name="Elixir at D:/elixir">
      <CLASSES>
        <root url="file://D:/elixir/lib/eex/ebin" />
        <root url="file://D:/elixir/lib/elixir/ebin" />
        <root url="file://D:/elixir/lib/ex_unit/ebin" />
        <root url="file://D:/elixir/lib/iex/ebin" />
        <root url="file://D:/elixir/lib/logger/ebin" />
        <root url="file://D:/elixir/lib/mix/ebin" />
      </CLASSES>
      <SOURCES />
    </library>
    <library name="Elixir at D:/elixir">
      <CLASSES>
        <root url="file://D:/elixir/lib/eex/ebin" />
        <root url="file://D:/elixir/lib/elixir/ebin" />
        <root url="file://D:/elixir/lib/ex_unit/ebin" />
        <root url="file://D:/elixir/lib/iex/ebin" />
        <root url="file://D:/elixir/lib/logger/ebin" />
        <root url="file://D:/elixir/lib/mix/ebin" />
      </CLASSES>
      <SOURCES />
    </library>
    <library name="Elixir at D:/elixir">
      <CLASSES>
        <root url="file://D:/elixir/lib/eex/ebin" />
        <root url="file://D:/elixir/lib/elixir/ebin" />
        <root url="file://D:/elixir/lib/ex_unit/ebin" />
        <root url="file://D:/elixir/lib/iex/ebin" />
        <root url="file://D:/elixir/lib/logger/ebin" />
        <root url="file://D:/elixir/lib/mix/ebin" />
      </CLASSES>
      <SOURCES />
    </library>
    <library name="Elixir at D:/elixir">
      <CLASSES>
        <root url="file://D:/elixir/lib/eex/ebin" />
        <root url="file://D:/elixir/lib/elixir/ebin" />
        <root url="file://D:/elixir/lib/ex_unit/ebin" />
        <root url="file://D:/elixir/lib/iex/ebin" />
        <root url="file://D:/elixir/lib/logger/ebin" />
        <root url="file://D:/elixir/lib/mix/ebin" />
      </CLASSES>
      <SOURCES />
    </library>
    <library name="Erlang for Elixir 21">
      <CLASSES>
        <root url="file://C:/Program Files/erl10.3/lib/asn1-5.0.8/ebin" />
        <root url="file://C:/Program Files/erl10.3/lib/common_test-1.17/ebin" />
        <root url="file://C:/Program Files/erl10.3/lib/compiler-7.3.2/ebin" />
        <root url="file://C:/Program Files/erl10.3/lib/crypto-4.4.1/ebin" />
        <root url="file://C:/Program Files/erl10.3/lib/debugger-4.2.6/ebin" />
        <root url="file://C:/Program Files/erl10.3/lib/dialyzer-3.3.2/ebin" />
        <root url="file://C:/Program Files/erl10.3/lib/diameter-2.2/ebin" />
        <root url="file://C:/Program Files/erl10.3/lib/edoc-0.10/ebin" />
        <root url="file://C:/Program Files/erl10.3/lib/eldap-1.2.6/ebin" />
        <root url="file://C:/Program Files/erl10.3/lib/erl_docgen-0.9/ebin" />
        <root url="file://C:/Program Files/erl10.3/lib/erl_interface-3.11/ebin" />
        <root url="file://C:/Program Files/erl10.3/lib/erts-10.3/ebin" />
        <root url="file://C:/Program Files/erl10.3/lib/et-1.6.4/ebin" />
        <root url="file://C:/Program Files/erl10.3/lib/eunit-2.3.7/ebin" />
        <root url="file://C:/Program Files/erl10.3/lib/ftp-1.0.2/ebin" />
        <root url="file://C:/Program Files/erl10.3/lib/hipe-3.18.3/ebin" />
        <root url="file://C:/Program Files/erl10.3/lib/inets-7.0.6/ebin" />
        <root url="file://C:/Program Files/erl10.3/lib/jinterface-1.9.1/ebin" />
        <root url="file://C:/Program Files/erl10.3/lib/kernel-6.3/ebin" />
        <root url="file://C:/Program Files/erl10.3/lib/megaco-3.18.4/ebin" />
        <root url="file://C:/Program Files/erl10.3/lib/mnesia-4.15.6/ebin" />
        <root url="file://C:/Program Files/erl10.3/lib/observer-2.9/ebin" />
        <root url="file://C:/Program Files/erl10.3/lib/odbc-2.12.3/ebin" />
        <root url="file://C:/Program Files/erl10.3/lib/os_mon-2.4.7/ebin" />
        <root url="file://C:/Program Files/erl10.3/lib/otp_mibs-1.2.1/ebin" />
        <root url="file://C:/Program Files/erl10.3/lib/parsetools-2.1.8/ebin" />
        <root url="file://C:/Program Files/erl10.3/lib/public_key-1.6.5/ebin" />
        <root url="file://C:/Program Files/erl10.3/lib/reltool-0.7.8/ebin" />
        <root url="file://C:/Program Files/erl10.3/lib/runtime_tools-1.13.2/ebin" />
        <root url="file://C:/Program Files/erl10.3/lib/sasl-3.3/ebin" />
        <root url="file://C:/Program Files/erl10.3/lib/snmp-5.2.12/ebin" />
        <root url="file://C:/Program Files/erl10.3/lib/ssh-4.7.4/ebin" />
        <root url="file://C:/Program Files/erl10.3/lib/ssl-9.2/ebin" />
        <root url="file://C:/Program Files/erl10.3/lib/stdlib-3.8/ebin" />
        <root url="file://C:/Program Files/erl10.3/lib/syntax_tools-2.1.7/ebin" />
        <root url="file://C:/Program Files/erl10.3/lib/tftp-1.0.1/ebin" />
        <root url="file://C:/Program Files/erl10.3/lib/tools-3.1/ebin" />
        <root url="file://C:/Program Files/erl10.3/lib/wx-1.8.7/ebin" />
        <root url="file://C:/Program Files/erl10.3/lib/xmerl-1.3.19/ebin" />
      </CLASSES>
      <SOURCES />
    </library>
  </component>
</application>