<application>
  <component name="FileTypeManager" version="18">
    <ignoreFiles list="*.pyc;*.pyo;*.rbc;*.yarb;*~;.DS_Store;.git;.hg;.svn;CVS;__pycache__;_svn;gdx-ai;ios_push;mysqlcfg;redalert_banhao;redalert_banhao2.0;redalert_game;redalert_robot;vssver.scc;vssver2.scc;" />
    <extensionMap>
      <mapping ext="port" type="PLAIN_TEXT" />
      <mapping ext="lua" type="PLAIN_TEXT" />
      <mapping ext="pid" type="PLAIN_TEXT" />
      <mapping ext="pcap" type="PLAIN_TEXT" />
    </extensionMap>
  </component>
</application>