<application>
  <component name="UpdatesConfigurable">
    <ignoredBuildNumbers>
      <item value="201.8538.43" />
      <item value="202.6397.65" />
      <item value="202.6397.124" />
      <item value="202.6948.9" />
    </ignoredBuildNumbers>
    <option name="LAST_BUILD_CHECKED" value="GO-203.7717.58" />
    <option name="LAST_TIME_CHECKED" value="1618210522756" />
    <pluginHosts>
      <item value="https://repo.idechajian.com" />
    </pluginHosts>
    <option name="THIRD_PARTY_PLUGINS_ALLOWED" value="true" />
  </component>
</application>