<application>
  <component name="vgo">
    <environment>
      <map>
        <entry key="GOPROXY">
          <value>
            <list>
              <option value="https://mirrors.aliyun.com/goproxy/" />
              <option value="https://goproxy.io" />
            </list>
          </value>
        </entry>
      </map>
    </environment>
    <proxies>
      <list>
        <option value="https://goproxy.io" />
        <option value="https://mirrors.aliyun.com/goproxy/" />
      </list>
    </proxies>
  </component>
</application>