<keymap version="1" name="Default copy" parent="$default">
  <action id="AddToFavoritesPopup" />
  <action id="Arrangement.Alias.Rule.Edit" />
  <action id="Arrangement.Rule.Edit" />
  <action id="ChangesView.Diff" />
  <action id="CloseAllEditorsButActive">
    <keyboard-shortcut first-keystroke="ctrl alt x" />
  </action>
  <action id="CollapseRegion">
    <keyboard-shortcut first-keystroke="ctrl subtract" />
  </action>
  <action id="CompareTwoFiles" />
  <action id="Console.TableResult.CloneRow" />
  <action id="Console.TableResult.EditValue">
    <keyboard-shortcut first-keystroke="enter" />
    <keyboard-shortcut first-keystroke="alt enter" />
  </action>
  <action id="DatabaseView.CopyAction" />
  <action id="Diff.ShowDiff" />
  <action id="Diff.UpdatedFiles" />
  <action id="EditorDuplicate" />
  <action id="ExpandRegion">
    <keyboard-shortcut first-keystroke="ctrl add" />
  </action>
  <action id="FileChooser.GotoDesktop" />
  <action id="Find">
    <keyboard-shortcut first-keystroke="ctrl f" />
  </action>
  <action id="FindUsages">
    <keyboard-shortcut first-keystroke="shift alt f" />
  </action>
  <action id="GoFmtFileAction" />
  <action id="GotoClass" />
  <action id="GotoDeclaration">
    <keyboard-shortcut first-keystroke="alt g" />
  </action>
  <action id="GotoFile">
    <keyboard-shortcut first-keystroke="shift alt o" />
  </action>
  <action id="GotoNextBookmark">
    <keyboard-shortcut first-keystroke="f2" />
  </action>
  <action id="GotoNextError" />
  <action id="GotoSymbol">
    <keyboard-shortcut first-keystroke="alt m" />
  </action>
  <action id="ReformatCode">
    <keyboard-shortcut first-keystroke="alt f" />
  </action>
  <action id="RevealIn">
    <keyboard-shortcut first-keystroke="ctrl alt divide" />
  </action>
  <action id="RunClass">
    <keyboard-shortcut first-keystroke="alt r" />
  </action>
  <action id="SelectNextOccurrence">
    <keyboard-shortcut first-keystroke="ctrl d" />
  </action>
  <action id="SendEOF" />
  <action id="ShelvedChanges.Diff" />
  <action id="Stop" />
  <action id="ToggleBookmark">
    <keyboard-shortcut first-keystroke="ctrl f2" />
  </action>
  <action id="Vcs.Log.GoToRef">
    <keyboard-shortcut first-keystroke="alt f3" />
  </action>
  <action id="Vcs.ReformatCommitMessage" />
  <action id="XDebugger.EditWatch" />
  <action id="XDebugger.SetValue" />
  <action id="openAssertEqualsDiff" />
</keymap>