<keymap version="1" name="Windows copy" parent="$default">
  <action id="AddToFavoritesPopup" />
  <action id="Arrangement.Alias.Rule.Edit" />
  <action id="Arrangement.Rule.Edit" />
  <action id="ChangesView.Diff" />
  <action id="ChangesView.Rename">
    <keyboard-shortcut first-keystroke="shift f6" />
  </action>
  <action id="CompareTwoFiles" />
  <action id="Console.TableResult.CloneRow" />
  <action id="Console.TableResult.EditValue">
    <keyboard-shortcut first-keystroke="enter" />
    <keyboard-shortcut first-keystroke="alt enter" />
  </action>
  <action id="DatabaseView.CopyAction" />
  <action id="Diff.ShowDiff" />
  <action id="EditorDuplicate" />
  <action id="FileChooser.GotoDesktop" />
  <action id="FindNext" />
  <action id="FindUsages">
    <keyboard-shortcut first-keystroke="shift alt f" />
  </action>
  <action id="Git.Reword.Commit">
    <keyboard-shortcut first-keystroke="shift f6" />
  </action>
  <action id="GotoDeclaration">
    <keyboard-shortcut first-keystroke="alt g" />
  </action>
  <action id="GotoFile">
    <keyboard-shortcut first-keystroke="shift alt o" />
  </action>
  <action id="GotoNextBookmark">
    <keyboard-shortcut first-keystroke="f2" />
  </action>
  <action id="GotoNextError" />
  <action id="GotoSymbol">
    <keyboard-shortcut first-keystroke="alt m" />
  </action>
  <action id="ReformatCode">
    <keyboard-shortcut first-keystroke="alt f" />
  </action>
  <action id="RunDashboard.CopyConfiguration" />
  <action id="SelectNextOccurrence">
    <keyboard-shortcut first-keystroke="ctrl d" />
  </action>
  <action id="SendEOF" />
  <action id="ShelvedChanges.Rename">
    <keyboard-shortcut first-keystroke="shift f6" />
  </action>
  <action id="Stop" />
  <action id="ToggleBookmark">
    <keyboard-shortcut first-keystroke="ctrl f2" />
  </action>
  <action id="Vcs.ToggleAmendCommitMode" />
  <action id="XDebugger.CopyWatch" />
  <action id="XDebugger.EditWatch" />
  <action id="XDebugger.SetValue" />
  <action id="openAssertEqualsDiff" />
</keymap>